{"_runtime":11.878068605,"_timestamp":1.741514880946203e+09,"train_loss":0.6691035872259339,"val_loss":0.68452732133128,"epoch":15,"_step":14,"train_accuracy":0.7563058035714286,"val_accuracy":0.7415,"_wandb":{"runtime":11}}