{"train_loss":2.3025479294104962,"val_accuracy":0.096,"epoch":10,"_step":9,"val_loss":2.3025664302061295,"_wandb":{"runtime":11},"train_accuracy":0.10031622023809524,"_timestamp":1.7415118691711025e+09,"_runtime":11.338554219}