{"train_loss":2.3026197652572558,"epoch":1,"_timestamp":1.7415118993438058e+09,"train_accuracy":0.0992962962962963,"val_loss":2.3025953766261646,"_wandb":{"runtime":22},"_step":0,"val_accuracy":0.09833333333333333,"_runtime":19.2544779}