{"train_accuracy":0.10751851851851851,"epoch":5,"_timestamp":1.7415118201000328e+09,"_runtime":20.353794699,"val_accuracy":0.096,"_step":4,"val_loss":2.302560240899032,"train_loss":2.3025491818834767,"_wandb":{"runtime":20}}