{"train_accuracy":0.8704616182572614,"val_accuracy":0.8705,"_runtime":36.368193269,"_wandb":{"runtime":36},"_timestamp":1.741511789377741e+09,"train_loss":0.3769653597281318,"val_loss":0.37217751591666265,"_step":14,"epoch":15}