{"_runtime":15.461237133000001,"epoch":10,"val_loss":2.3028933886148875,"val_accuracy":0.09983333333333333,"train_accuracy":0.09989236935866984,"_wandb":{"runtime":15},"train_loss":2.302759332935498,"_step":9,"_timestamp":1.7415150030475945e+09}