{"epoch":3,"train_cross_entropy_loss":2.5916193247285397,"_step":6,"hidden_layer_size":128,"optimizer":"adam","_wandb":{"runtime":59},"val_cross_entropy_loss":0.7799951485416222,"num_layers":4,"val_squared_error_loss":0.03371685673589142,"_runtime":56.220765587,"learning_rate":0.003,"val_accuracy":0.7728333333333334,"activation":"tanh","weight_decay":0,"_timestamp":1.742195689211237e+09,"train_squared_error_loss":0.11783034979767493,"Loss Comparison_table":{"size":551,"artifact_path":"wandb-client-artifact://3ml0ib6d1tu90ukektcks32bim0rbklp023fey3sdv0n95226axpvbgegbt443vqn971tsr2iqetb239jtq8e2o40oi0ufgx0puutd747k1m38ieoyib5kw28zzh56f4/Loss Comparison_table.table.json","_latest_artifact_path":"wandb-client-artifact://8qn73bj77fgu4k6kv57w0f3i3n4cow9eagws2oqbfm0p3a67s1opj8rm0g2dd3fwldwwi8tn18k1fmx3via2yu2xuqikxstx7zi9mbt5kpynvus0gngn6zhg98ig3dr8:latest/Loss Comparison_table.table.json","path":"media/table/Loss Comparison_table_6_64d79ccc6317dcc31362.table.json","ncols":3,"nrows":12,"_type":"table-file","sha256":"64d79ccc6317dcc313626b584494f841adeb6d6063c7be82a88f158090ee4439"},"train_accuracy":0.7760370370370371}