{"hidden_layer_size":128,"activation":"relu","_wandb":{"runtime":62},"val_squared_error_loss":0.0900006892608057,"epoch":15,"weight_decay":0.0005,"_step":30,"_timestamp":1.7415300974698079e+09,"Loss Comparison_table":{"_type":"table-file","sha256":"daf254fa2c52f695b2be51f87758cddf004a78ee42181e1573fe4ef767777af0","size":2540,"artifact_path":"wandb-client-artifact://t41p3bgij9tlr1db75fs9wiwx9b5yzlgvdl9d2g0wfjgwqx07bs27be91vnt0ymmtxklvizpd02e7afm5d2cmxu50lalgg4k74ehs3ugqfcwvhgdwhywqgy3ji062cmh/Loss Comparison_table.table.json","_latest_artifact_path":"wandb-client-artifact://5vl957zf51wm1nt9pkj8r5g8dez2uucsbwd90gsiobb9884yjv38l0kufc8axycjad76p7m3obwvluu09cur6a4116a9t24z5yzqnbxx2p2nw7oqkyng88maus5gx89b:latest/Loss Comparison_table.table.json","path":"media/table/Loss Comparison_table_30_daf254fa2c52f695b2be.table.json","ncols":3,"nrows":60},"_runtime":62.153721954,"val_cross_entropy_loss":2.3026195548060473,"train_squared_error_loss":1.3499995333728443,"val_accuracy":0.09533333333333334,"num_layers":4,"train_cross_entropy_loss":34.53875305770122,"optimizer":"momentum","train_accuracy":0.1005708778173191,"learning_rate":0.0001}