{"optimizer":"momentum","Loss Comparison_table":{"artifact_path":"wandb-client-artifact://5hbt2wjcicdstuhg6s3f1459buagf47xw2y5gotrmoaz932ty2ffibn6odfu7newlz489wgynkyohc11m64fr223fyobym0ccu281tp7yeuz9vuqeudapqqv4zwtho47/Loss Comparison_table.table.json","_latest_artifact_path":"wandb-client-artifact://29dmp24pqrvqzxrk8ujmuvj9rouhk10voenn50db54ks49lsxnq9z6qfb3cuh3cmm4avc7spbe16lhqzvk9vj3c5s7kg6arbpja81gnwtv1qlr5j9b1b29rwc0vlsrod:latest/Loss Comparison_table.table.json","path":"media/table/Loss Comparison_table_30_ec49371cb395cfdfb7d9.table.json","ncols":3,"nrows":60,"_type":"table-file","sha256":"ec49371cb395cfdfb7d93315f583a4399d23773ef6f4f6af75a845748db90b11","size":2530},"val_accuracy":0.09533333333333334,"activation":"tanh","_timestamp":1.7415302079138322e+09,"learning_rate":0.0001,"num_layers":5,"_runtime":46.157382042,"train_cross_entropy_loss":34.53881606475338,"weight_decay":0,"val_squared_error_loss":0.09000121976389605,"_wandb":{"runtime":46},"hidden_layer_size":32,"val_cross_entropy_loss":2.3026460832472586,"train_squared_error_loss":1.3500007934294718,"epoch":15,"_step":30,"train_accuracy":0.10043716656787197}