{"val_loss":2.3025881517533318,"epoch":10,"train_accuracy":0.10042259786476869,"train_loss":2.302583639156389,"_step":9,"_wandb":{"runtime":54},"val_accuracy":0.096,"_timestamp":1.7415117436139712e+09,"_runtime":54.4200386}