{"hidden_layer_size":128,"learning_rate":0.01,"_runtime":1028.942643743,"val_squared_error_loss":0.04648287906363754,"train_cross_entropy_loss":202.7123827677964,"optimizer":"momentum","_timestamp":1.7415317342715764e+09,"Loss Comparison_table":{"ncols":3,"nrows":400,"_type":"table-file","sha256":"ba53803cd4096333ec16b382667627bf4d739c44ea0bf57ec9b9814c7a580876","size":16747,"artifact_path":"wandb-client-artifact://sjy16ugkgwt72900137fp3820ruw1genh1wdpie1016p25gbobe2t5db1tgzzu5rcoya3n95vqoosotgudwslqwxc08ajfgloocywhh803lac25es7hg2evtim8devkf/Loss Comparison_table.table.json","_latest_artifact_path":"wandb-client-artifact://wkmjse23fxlhspg3w0thnc3ue6gfe9qfjw5t1s80hiwq1gzjum4qlb27ykubf43ybnj8jrmcp6cvqke5nbnr80tblv7ycoguy01zr4fuq9cu15i9ki0lywv4efp518sf:latest/Loss Comparison_table.table.json","path":"media/table/Loss Comparison_table_200_ba53803cd4096333ec16.table.json"},"activation":"sigmoid","_step":200,"_wandb":{"runtime":1028},"epoch":100,"num_layers":4,"train_accuracy":0.6685185185185185,"val_accuracy":0.6803333333333333,"weight_decay":0.0005,"train_squared_error_loss":8.282029113577305,"val_cross_entropy_loss":0.9192078522031726}