{"_timestamp":1.7415118398058593e+09,"train_accuracy":0.09691948398576512,"train_loss":2.3029587266332987,"_runtime":8.318568817,"epoch":5,"_wandb":{"runtime":8},"_step":4,"val_loss":2.302755335514284,"val_accuracy":0.099}