{"val_loss":2.302660796732137,"_runtime":20.988495085,"epoch":5,"_step":4,"_wandb":{"runtime":20},"train_accuracy":0.09942844418052256,"val_accuracy":0.09516666666666666,"_timestamp":1.7415149429146578e+09,"train_loss":2.302589936125695}