{"num_layers":3,"learning_rate":0.001,"optimizer":"nag","val_squared_error_loss":0.09000078842198127,"epoch":1,"_wandb":{"runtime":2},"_runtime":2.82542503,"train_squared_error_loss":0.09000189458363406,"activation":"tanh","val_accuracy":0.0975,"weight_decay":0.5,"train_accuracy":0.09851851851851852,"_step":1,"_timestamp":1.7415299776355467e+09,"train_cross_entropy_loss":2.3026798255278087,"hidden_layer_size":32,"val_cross_entropy_loss":2.3026244737432684}