{"train_accuracy":0.0967562351543943,"val_loss":2.3035712631317646,"epoch":10,"val_accuracy":0.09883333333333333,"_wandb":{"runtime":20},"_runtime":20.56677737,"_timestamp":1.7415150333679197e+09,"train_loss":2.3037937251325404,"_step":9}