{"val_accuracy":0.7386666666666667,"weight_decay":0,"_timestamp":1.74153046627402e+09,"learning_rate":0.0001,"val_cross_entropy_loss":0.7026358686612179,"train_cross_entropy_loss":105.5524987481531,"num_layers":4,"train_accuracy":0.7332072953736655,"Loss Comparison_table":{"nrows":400,"_type":"table-file","sha256":"1f6114d21f4b2325e9f1832d9deac54ef881c00eb0f9715074bd47d65a6382d4","size":16786,"artifact_path":"wandb-client-artifact://n8qtg4kxawrek3lwc38awym9axuvfu457pmooyse8o4oycn1epqthjrpk0gpvsxrdp7cxkyqf7lfagp937gwjrv98k2emfmjr5qimj4zd3frm643xobol4esis5eqe4d/Loss Comparison_table.table.json","_latest_artifact_path":"wandb-client-artifact://2u2cyl61vt8o357o2k656wp871dwgtkp6t2rp9pgqfi8gswrs6i3p4z8mune0wdheio8s6ie7xwywv12eplc7ab3m1ek0kcnfhvpnadtqxnixgjdmu9dhn5rc2onegtg:latest/Loss Comparison_table.table.json","path":"media/table/Loss Comparison_table_200_1f6114d21f4b2325e9f1.table.json","ncols":3},"_wandb":{"runtime":183},"hidden_layer_size":32,"val_squared_error_loss":0.03260500518297299,"epoch":100,"train_squared_error_loss":4.979631608328182,"_step":200,"optimizer":"rmsprop","activation":"sigmoid","_runtime":183.24388119}